{"accuracy": [0.6197026968002319, 0.8638594746589661, 0.915100634098053, 0.9394267201423645, 0.956867516040802, 0.9644640684127808, 0.9721601605415344, 0.9752329587936401, 0.9785760045051575, 0.9824596047401428], "loss": [1.2856762409210205, 0.4262145459651947, 0.2622229754924774, 0.1817229837179184, 0.12963248789310455, 0.10756607353687286, 0.08427972346544266, 0.07525999844074249, 0.06645721942186356, 0.056171268224716187], "val_accuracy": [0.7986000180244446, 0.9211245179176331, 0.9379695057868958, 0.9460505247116089, 0.9587411880493164, 0.9613020420074463, 0.9629524350166321, 0.965114951133728, 0.9422376751899719, 0.968529462814331], "val_loss": [0.6129186749458313, 0.24702204763889313, 0.189475417137146, 0.16394111514091492, 0.13211485743522644, 0.1241752952337265, 0.12096844613552094, 0.11304785311222076, 0.1927967667579651, 0.10267286747694016]}